Workbook

Sheet README
A1: 営業改革 棚卸し・スコアリングマスター（STO運用）
A3: 本ファイルは営業改革の中核データベース（Excel版MVP）。STOが管理し、週次で更新する。
A5: ■ 使い方
A6: 1.「マスタ設定」で営業領域・担当者・スコアウェイト・判定閾値を自社に合わせて調整する（黄色セルが編集対象）
A7: 2. 5つの棚卸しシート（顧客/案件/パートナー/トップ外交/休眠顧客）に全量を登録する。既存資料からSTOが下書きを作り、現場は確認・修正のみ
A8: 3. 案件シートの7軸スコア（1〜5点）を入力すると、総合スコア・案件区分（S/A/B/C）・高工数低収益判定が自動計算される
A9: 4. 顧客シートの5要素スコアを入力すると、顧客ランクが自動判定される（確定列で上書き可）
A10: 5. 停滞案件は「最終更新日」から自動判定（既定30日、マスタ設定で変更可）。オートフィルタで「停滞」を絞り込み、週次会議のアジェンダにする
A12: ■ 運用ルール
A13: ・案件ID/顧客IDはSTOが採番（例：C-0001、P-0001、D-0001）
A14: ・次アクションと期限のない案件を作らない（次アクション設定率はKPI）
A15: ・月次ポートフォリオ会議の前営業日までにSTOが全シートを締める
... A17: ※ 本データは監視のためではなく、営業の時間を顧客に返すために使う（経営宣言文書参照）

Sheet マスタ設定
A1: 営業領域 | B1: ステージ | C1: 確度 | D1: 関係状態 | E1: 顧客ランク | F1: トップ外交状態 | G1: 活動分類（工数10分類） | H1: タスク状態 | I1: 決定区分 | J1: パートナー種別 | K1: 依存度 | L1: ポテンシャル | M1: 担当者（自社に合わせ編集） | P1: スコアウェイト（編集可・合計1.00） | R1: 判定閾値（編集可）
A2: ライセンス | B2: リード | C2: 高（75%以上） | D2: 活発 | E2: S | F2: 登録 | G2: ①商談・顧客面談 | H2: 未着手 | I2: 撤退 | J2: 代理店 | K2: 高 | L2: S | M2: 担当者A | P2: 売上規模 | Q2: 0.15 | R2: 高工数低収益：粗利/工数がこの値未満（千円/h） | S2: 5
A3: 自社MD | B3: 商談 | C3: 中（50%） | D3: 維持 | E3: A | F3: アサイン済 | G3: ②提案書・企画書作成 | H3: 進行中 | I3: 省力化 | J3: エージェント | K3: 中 | L3: A | M3: 担当者B | P3: 粗利 | Q3: 0.2 | R3: 高工数低収益：工数がこの値超（h） | S3: 100
A4: リテール | B4: 提案 | C4: 低（25%） | D4: 休眠 | E4: B | F4: 初動済 | G4: ③監修対応 | H4: 完了 | I4: 重点化 | J4: 共同事業者 | K4: 低 | L4: B | M4: 担当者C | P4: 工数効率 | Q4: 0.15 | R4: 停滞判定（日） | S4: 30
A5: イベント | B5: 条件合意 | C5: 初期（10%） | E5: C | F5: 案件化 | G5: ④契約・法務対応 | H5: 保留 | I5: 経営支援 | J5: 制作パートナー | L5: C | M5: 担当者D | P5: 戦略価値 | Q5: 0.15 | R5: 案件区分S（総合スコア以上） | S5: 80
A6: 海外 | B6: 監修・契約 | F6: 提案 | G6: ⑤社内調整・会議 | I6: ルール変更 | J6: その他 | M6: 担当者E | P6: CRM価値 | Q6: 0.1 | R6: 案件区分A（以上） | S6: 65
A7: カードゲーム関連 | B7: 立ち上げ・運用 | F7: 契約 | G7: ⑥素材確認・手配 | I7: その他 | P7: 海外展開価値 | Q7: 0.1 | R7: 案件区分B（以上） | S7: 50
A8: 広告・タイアップ | F8: 消滅 | G8: ⑦問い合わせ・許諾事務 | P8: IP/ブランド価値 | Q8: 0.15
A9: D2C/CRM連動 | F9: 保留 | G9: ⑧移動 | P9: 合計（=1.00になること） | Q9: =SUM(Q2:Q8)
A10: 新規事業 | G10: ⑨新規開拓・情報収集
A11: 教育・須賀川関連 | G11: ⑩その他管理業務
A12: AI協業
A13: トップ外交

Sheet 01_顧客棚卸し・ランク
A1: 顧客ID | B1: 顧客名 | C1: 営業領域 | D1: 担当者 | E1: 直近取引年 | F1: 年間取引額(千円) | G1: 年間粗利(千円) | H1: 関係状態 | I1: キーパーソン | J1: 取引実績(1-5) | K1: 成長性(1-5) | L1: IP適合(1-5) | M1: CRM/D2C価値(1-5) | N1: 海外価値(1-5) | O1: スコア合計 | P1: ランク(自動) | Q1: ランク(確定) | R1: 最終接触日 | S1: 経過日数 | T1: 次アクション | U1: メモ
A2: C-0001 | B2: （サンプル）玩具メーカーA社 | C2: ライセンス | D2: 担当者A | E2: 2026 | F2: 120000 | G2: 42000 | H2: 活発 | I2: 商品部 ○○部長 | J2: 5 | K2: 4 | L2: 5 | M2: 3 | N2: 4 | O2: =IF(COUNT(J2:N2)=0,"",SUM(J2:N2)) | P2: =IF(O2="","",IF(O2>=21,"S",IF(O2>=17,"A",IF(O2>=12,"B","C")))) | Q2: S | R2: 2026-06-20 | S2: =IF(R2="","",TODAY()-R2) | T2: 秋商戦ライン提案（7/15） | U2: サンプル行：数式の見本
O3: =IF(COUNT(J3:N3)=0,"",SUM(J3:N3)) | P3: =IF(O3="","",IF(O3>=21,"S",IF(O3>=17,"A",IF(O3>=12,"B","C")))) | S3: =IF(R3="","",TODAY()-R3)
O4: =IF(COUNT(J4:N4)=0,"",SUM(J4:N4)) | P4: =IF(O4="","",IF(O4>=21,"S",IF(O4>=17,"A",IF(O4>=12,"B","C")))) | S4: =IF(R4="","",TODAY()-R4)
O5: =IF(COUNT(J5:N5)=0,"",SUM(J5:N5)) | P5: =IF(O5="","",IF(O5>=21,"S",IF(O5>=17,"A",IF(O5>=12,"B","C")))) | S5: =IF(R5="","",TODAY()-R5)
O6: =IF(COUNT(J6:N6)=0,"",SUM(J6:N6)) | P6: =IF(O6="","",IF(O6>=21,"S",IF(O6>=17,"A",IF(O6>=12,"B","C")))) | S6: =IF(R6="","",TODAY()-R6)
O7: =IF(COUNT(J7:N7)=0,"",SUM(J7:N7)) | P7: =IF(O7="","",IF(O7>=21,"S",IF(O7>=17,"A",IF(O7>=12,"B","C")))) | S7: =IF(R7="","",TODAY()-R7)
O8: =IF(COUNT(J8:N8)=0,"",SUM(J8:N8)) | P8: =IF(O8="","",IF(O8>=21,"S",IF(O8>=17,"A",IF(O8>=12,"B","C")))) | S8: =IF(R8="","",TODAY()-R8)
O9: =IF(COUNT(J9:N9)=0,"",SUM(J9:N9)) | P9: =IF(O9="","",IF(O9>=21,"S",IF(O9>=17,"A",IF(O9>=12,"B","C")))) | S9: =IF(R9="","",TODAY()-R9)
O10: =IF(COUNT(J10:N10)=0,"",SUM(J10:N10)) | P10: =IF(O10="","",IF(O10>=21,"S",IF(O10>=17,"A",IF(O10>=12,"B","C")))) | S10: =IF(R10="","",TODAY()-R10)
O11: =IF(COUNT(J11:N11)=0,"",SUM(J11:N11)) | P11: =IF(O11="","",IF(O11>=21,"S",IF(O11>=17,"A",IF(O11>=12,"B","C")))) | S11: =IF(R11="","",TODAY()-R11)
O12: =IF(COUNT(J12:N12)=0,"",SUM(J12:N12)) | P12: =IF(O12="","",IF(O12>=21,"S",IF(O12>=17,"A",IF(O12>=12,"B","C")))) | S12: =IF(R12="","",TODAY()-R12)
O13: =IF(COUNT(J13:N13)=0,"",SUM(J13:N13)) | P13: =IF(O13="","",IF(O13>=21,"S",IF(O13>=17,"A",IF(O13>=12,"B","C")))) | S13: =IF(R13="","",TODAY()-R13)
O14: =IF(COUNT(J14:N14)=0,"",SUM(J14:N14)) | P14: =IF(O14="","",IF(O14>=21,"S",IF(O14>=17,"A",IF(O14>=12,"B","C")))) | S14: =IF(R14="","",TODAY()-R14)
... O200: =IF(COUNT(J200:N200)=0,"",SUM(J200:N200)) | P200: =IF(O200="","",IF(O200>=21,"S",IF(O200>=17,"A",IF(O200>=12,"B","C")))) | S200: =IF(R200="","",TODAY()-R200)

Sheet 02_案件棚卸し・スコアリング
A1: 案件ID | B1: 案件名 | C1: 顧客名 | D1: 営業領域 | E1: 担当者 | F1: ステージ | G1: 確度 | H1: 金額見込(千円) | I1: 粗利見込(千円) | J1: 粗利率 | K1: 想定総工数(h) | L1: 粗利/工数(千円/h) | M1: 売上(1-5) | N1: 粗利(1-5) | O1: 工数効率(1-5) | P1: 戦略(1-5) | Q1: CRM(1-5) | R1: 海外(1-5) | S1: ブランド(1-5) | T1: 総合スコア(100) | U1: 案件区分(自動) | V1: 高工数低収益判定 | W1: 次アクション | X1: 期限 | Y1: 最終更新日 | Z1: 停滞日数 | AA1: 停滞フラグ | AB1: トップ外交由来 | AC1: メモ・リスク
A2: D-0001 | B2: （サンプル）A社 秋商戦MDライン | C2: （サンプル）玩具メーカーA社 | D2: ライセンス | E2: 担当者A | F2: 提案 | G2: 中（50%） | H2: 80000 | I2: 28000 | J2: =IF(OR(H2="",H2=0),"",I2/H2) | K2: 120 | L2: =IF(OR(K2="",K2=0),"",ROUND(I2/K2,1)) | M2: 4 | N2: 4 | O2: 3 | P2: 3 | Q2: 2 | R2: 3 | S2: 4 | T2: =IF(COUNT(M2:S2)<7,"",ROUND(SUMPRODUCT(M2:S2,'マスタ設定'!$Q$2:$Q$8)*20,1)) | U2: =IF(T2="","",IF(T2>='マスタ設定'!$S$5,"S：経営支援",IF(T2>='マスタ設定'!$S$6,"A：重点",IF(T2>='マスタ設定'!$S$7,"B：標準","C：省力化・撤退検討")))) | V2: =IF(OR(L2="",K2=""),"",IF(AND(L2<'マスタ設定'!$S$2,K2>'マスタ設定'!$S$3),"要トリアージ","")) | W2: 提案書v2を7/15提出 | X2: 2026-07-15 | Y2: 2026-06-28 | Z2: =IF(Y2="","",TODAY()-Y2) | AA2: =IF(Z2="","",IF(Z2>'マスタ設定'!$S$4,"停滞","")) | AC2: サンプル行：M〜S列にスコアを入れると自動計算
J3: =IF(OR(H3="",H3=0),"",I3/H3) | L3: =IF(OR(K3="",K3=0),"",ROUND(I3/K3,1)) | T3: =IF(COUNT(M3:S3)<7,"",ROUND(SUMPRODUCT(M3:S3,'マスタ設定'!$Q$2:$Q$8)*20,1)) | U3: =IF(T3="","",IF(T3>='マスタ設定'!$S$5,"S：経営支援",IF(T3>='マスタ設定'!$S$6,"A：重点",IF(T3>='マスタ設定'!$S$7,"B：標準","C：省力化・撤退検討")))) | V3: =IF(OR(L3="",K3=""),"",IF(AND(L3<'マスタ設定'!$S$2,K3>'マスタ設定'!$S$3),"要トリアージ","")) | Z3: =IF(Y3="","",TODAY()-Y3) | AA3: =IF(Z3="","",IF(Z3>'マスタ設定'!$S$4,"停滞",""))
J4: =IF(OR(H4="",H4=0),"",I4/H4) | L4: =IF(OR(K4="",K4=0),"",ROUND(I4/K4,1)) | T4: =IF(COUNT(M4:S4)<7,"",ROUND(SUMPRODUCT(M4:S4,'マスタ設定'!$Q$2:$Q$8)*20,1)) | U4: =IF(T4="","",IF(T4>='マスタ設定'!$S$5,"S：経営支援",IF(T4>='マスタ設定'!$S$6,"A：重点",IF(T4>='マスタ設定'!$S$7,"B：標準","C：省力化・撤退検討")))) | V4: =IF(OR(L4="",K4=""),"",IF(AND(L4<'マスタ設定'!$S$2,K4>'マスタ設定'!$S$3),"要トリアージ","")) | Z4: =IF(Y4="","",TODAY()-Y4) | AA4: =IF(Z4="","",IF(Z4>'マスタ設定'!$S$4,"停滞",""))
J5: =IF(OR(H5="",H5=0),"",I5/H5) | L5: =IF(OR(K5="",K5=0),"",ROUND(I5/K5,1)) | T5: =IF(COUNT(M5:S5)<7,"",ROUND(SUMPRODUCT(M5:S5,'マスタ設定'!$Q$2:$Q$8)*20,1)) | U5: =IF(T5="","",IF(T5>='マスタ設定'!$S$5,"S：経営支援",IF(T5>='マスタ設定'!$S$6,"A：重点",IF(T5>='マスタ設定'!$S$7,"B：標準","C：省力化・撤退検討")))) | V5: =IF(OR(L5="",K5=""),"",IF(AND(L5<'マスタ設定'!$S$2,K5>'マスタ設定'!$S$3),"要トリアージ","")) | Z5: =IF(Y5="","",TODAY()-Y5) | AA5: =IF(Z5="","",IF(Z5>'マスタ設定'!$S$4,"停滞",""))
J6: =IF(OR(H6="",H6=0),"",I6/H6) | L6: =IF(OR(K6="",K6=0),"",ROUND(I6/K6,1)) | T6: =IF(COUNT(M6:S6)<7,"",ROUND(SUMPRODUCT(M6:S6,'マスタ設定'!$Q$2:$Q$8)*20,1)) | U6: =IF(T6="","",IF(T6>='マスタ設定'!$S$5,"S：経営支援",IF(T6>='マスタ設定'!$S$6,"A：重点",IF(T6>='マスタ設定'!$S$7,"B：標準","C：省力化・撤退検討")))) | V6: =IF(OR(L6="",K6=""),"",IF(AND(L6<'マスタ設定'!$S$2,K6>'マスタ設定'!$S$3),"要トリアージ","")) | Z6: =IF(Y6="","",TODAY()-Y6) | AA6: =IF(Z6="","",IF(Z6>'マスタ設定'!$S$4,"停滞",""))
J7: =IF(OR(H7="",H7=0),"",I7/H7) | L7: =IF(OR(K7="",K7=0),"",ROUND(I7/K7,1)) | T7: =IF(COUNT(M7:S7)<7,"",ROUND(SUMPRODUCT(M7:S7,'マスタ設定'!$Q$2:$Q$8)*20,1)) | U7: =IF(T7="","",IF(T7>='マスタ設定'!$S$5,"S：経営支援",IF(T7>='マスタ設定'!$S$6,"A：重点",IF(T7>='マスタ設定'!$S$7,"B：標準","C：省力化・撤退検討")))) | V7: =IF(OR(L7="",K7=""),"",IF(AND(L7<'マスタ設定'!$S$2,K7>'マスタ設定'!$S$3),"要トリアージ","")) | Z7: =IF(Y7="","",TODAY()-Y7) | AA7: =IF(Z7="","",IF(Z7>'マスタ設定'!$S$4,"停滞",""))
J8: =IF(OR(H8="",H8=0),"",I8/H8) | L8: =IF(OR(K8="",K8=0),"",ROUND(I8/K8,1)) | T8: =IF(COUNT(M8:S8)<7,"",ROUND(SUMPRODUCT(M8:S8,'マスタ設定'!$Q$2:$Q$8)*20,1)) | U8: =IF(T8="","",IF(T8>='マスタ設定'!$S$5,"S：経営支援",IF(T8>='マスタ設定'!$S$6,"A：重点",IF(T8>='マスタ設定'!$S$7,"B：標準","C：省力化・撤退検討")))) | V8: =IF(OR(L8="",K8=""),"",IF(AND(L8<'マスタ設定'!$S$2,K8>'マスタ設定'!$S$3),"要トリアージ","")) | Z8: =IF(Y8="","",TODAY()-Y8) | AA8: =IF(Z8="","",IF(Z8>'マスタ設定'!$S$4,"停滞",""))
J9: =IF(OR(H9="",H9=0),"",I9/H9) | L9: =IF(OR(K9="",K9=0),"",ROUND(I9/K9,1)) | T9: =IF(COUNT(M9:S9)<7,"",ROUND(SUMPRODUCT(M9:S9,'マスタ設定'!$Q$2:$Q$8)*20,1)) | U9: =IF(T9="","",IF(T9>='マスタ設定'!$S$5,"S：経営支援",IF(T9>='マスタ設定'!$S$6,"A：重点",IF(T9>='マスタ設定'!$S$7,"B：標準","C：省力化・撤退検討")))) | V9: =IF(OR(L9="",K9=""),"",IF(AND(L9<'マスタ設定'!$S$2,K9>'マスタ設定'!$S$3),"要トリアージ","")) | Z9: =IF(Y9="","",TODAY()-Y9) | AA9: =IF(Z9="","",IF(Z9>'マスタ設定'!$S$4,"停滞",""))
J10: =IF(OR(H10="",H10=0),"",I10/H10) | L10: =IF(OR(K10="",K10=0),"",ROUND(I10/K10,1)) | T10: =IF(COUNT(M10:S10)<7,"",ROUND(SUMPRODUCT(M10:S10,'マスタ設定'!$Q$2:$Q$8)*20,1)) | U10: =IF(T10="","",IF(T10>='マスタ設定'!$S$5,"S：経営支援",IF(T10>='マスタ設定'!$S$6,"A：重点",IF(T10>='マスタ設定'!$S$7,"B：標準","C：省力化・撤退検討")))) | V10: =IF(OR(L10="",K10=""),"",IF(AND(L10<'マスタ設定'!$S$2,K10>'マスタ設定'!$S$3),"要トリアージ","")) | Z10: =IF(Y10="","",TODAY()-Y10) | AA10: =IF(Z10="","",IF(Z10>'マスタ設定'!$S$4,"停滞",""))
J11: =IF(OR(H11="",H11=0),"",I11/H11) | L11: =IF(OR(K11="",K11=0),"",ROUND(I11/K11,1)) | T11: =IF(COUNT(M11:S11)<7,"",ROUND(SUMPRODUCT(M11:S11,'マスタ設定'!$Q$2:$Q$8)*20,1)) | U11: =IF(T11="","",IF(T11>='マスタ設定'!$S$5,"S：経営支援",IF(T11>='マスタ設定'!$S$6,"A：重点",IF(T11>='マスタ設定'!$S$7,"B：標準","C：省力化・撤退検討")))) | V11: =IF(OR(L11="",K11=""),"",IF(AND(L11<'マスタ設定'!$S$2,K11>'マスタ設定'!$S$3),"要トリアージ","")) | Z11: =IF(Y11="","",TODAY()-Y11) | AA11: =IF(Z11="","",IF(Z11>'マスタ設定'!$S$4,"停滞",""))
J12: =IF(OR(H12="",H12=0),"",I12/H12) | L12: =IF(OR(K12="",K12=0),"",ROUND(I12/K12,1)) | T12: =IF(COUNT(M12:S12)<7,"",ROUND(SUMPRODUCT(M12:S12,'マスタ設定'!$Q$2:$Q$8)*20,1)) | U12: =IF(T12="","",IF(T12>='マスタ設定'!$S$5,"S：経営支援",IF(T12>='マスタ設定'!$S$6,"A：重点",IF(T12>='マスタ設定'!$S$7,"B：標準","C：省力化・撤退検討")))) | V12: =IF(OR(L12="",K12=""),"",IF(AND(L12<'マスタ設定'!$S$2,K12>'マスタ設定'!$S$3),"要トリアージ","")) | Z12: =IF(Y12="","",TODAY()-Y12) | AA12: =IF(Z12="","",IF(Z12>'マスタ設定'!$S$4,"停滞",""))
J13: =IF(OR(H13="",H13=0),"",I13/H13) | L13: =IF(OR(K13="",K13=0),"",ROUND(I13/K13,1)) | T13: =IF(COUNT(M13:S13)<7,"",ROUND(SUMPRODUCT(M13:S13,'マスタ設定'!$Q$2:$Q$8)*20,1)) | U13: =IF(T13="","",IF(T13>='マスタ設定'!$S$5,"S：経営支援",IF(T13>='マスタ設定'!$S$6,"A：重点",IF(T13>='マスタ設定'!$S$7,"B：標準","C：省力化・撤退検討")))) | V13: =IF(OR(L13="",K13=""),"",IF(AND(L13<'マスタ設定'!$S$2,K13>'マスタ設定'!$S$3),"要トリアージ","")) | Z13: =IF(Y13="","",TODAY()-Y13) | AA13: =IF(Z13="","",IF(Z13>'マスタ設定'!$S$4,"停滞",""))
J14: =IF(OR(H14="",H14=0),"",I14/H14) | L14: =IF(OR(K14="",K14=0),"",ROUND(I14/K14,1)) | T14: =IF(COUNT(M14:S14)<7,"",ROUND(SUMPRODUCT(M14:S14,'マスタ設定'!$Q$2:$Q$8)*20,1)) | U14: =IF(T14="","",IF(T14>='マスタ設定'!$S$5,"S：経営支援",IF(T14>='マスタ設定'!$S$6,"A：重点",IF(T14>='マスタ設定'!$S$7,"B：標準","C：省力化・撤退検討")))) | V14: =IF(OR(L14="",K14=""),"",IF(AND(L14<'マスタ設定'!$S$2,K14>'マスタ設定'!$S$3),"要トリアージ","")) | Z14: =IF(Y14="","",TODAY()-Y14) | AA14: =IF(Z14="","",IF(Z14>'マスタ設定'!$S$4,"停滞",""))
... J200: =IF(OR(H200="",H200=0),"",I200/H200) | L200: =IF(OR(K200="",K200=0),"",ROUND(I200/K200,1)) | T200: =IF(COUNT(M200:S200)<7,"",ROUND(SUMPRODUCT(M200:S200,'マスタ設定'!$Q$2:$Q$8)*20,1)) | U200: =IF(T200="","",IF(T200>='マスタ設定'!$S$5,"S：経営支援",IF(T200>='マスタ設定'!$S$6,"A：重点",IF(T200>='マスタ設定'!$S$7,"B：標準","C：省力化・撤退検討")))) | V200: =IF(OR(L200="",K200=""),"",IF(AND(L200<'マスタ設定'!$S$2,K200>'マスタ設定'!$S$3),"要トリアージ","")) | Z200: =IF(Y200="","",TODAY()-Y200) | AA200: =IF(Z200="","",IF(Z200>'マスタ設定'!$S$4,"停滞",""))

Sheet 03_パートナー棚卸し
A1: パートナー名 | B1: 種別 | C1: 対象領域 | D1: 契約形態 | E1: 契約期限 | F1: 依存度 | G1: 評価 | H1: 年間取扱額(千円) | I1: 担当 | J1: リスク・代替可能性 | K1: メモ
A2: （サンプル）海外代理店B社 | B2: 代理店 | C2: 海外 | D2: 総代理（〜2027/3） | E2: 2027-03-31 | F2: 高 | G2: A | H2: 250000 | I2: 担当者C | J2: 特定市場の依存度高。直販切替の検討余地 | K2: サンプル行

Sheet 04_トップ外交管理
A1: 外交ID | B1: 面談日 | C1: 経営陣(出席) | D1: 相手企業 | E1: 相手氏名・役職 | F1: テーマ | G1: 示唆された機会 | H1: 状態 | I1: 担当営業 | J1: スポンサー役員 | K1: 登録日 | L1: 初動期限(自動) | M1: 初動実施日 | N1: 期限アラート | O1: 関連案件ID | P1: 次アクション | Q1: メモ
A2: T-0001 | B2: 2026-06-10 | C2: 新谷 | D2: （サンプル）大手流通C社 | E2: ○○社長 | F2: 共同販促・限定MD | G2: 全国キャンペーン＋限定商品の可能性 | H2: アサイン済 | I2: 担当者B | J2: 新谷 | K2: 2026-06-11 | L2: =IF(B2="","",B2+30) | N2: =IF(OR(B2="",M2<>""),"",IF(TODAY()>L2,"期限超過","")) | P2: 企画骨子を作成しC社へ打診（7/5まで） | Q2: サンプル行：面談日+30日が初動期限
L3: =IF(B3="","",B3+30) | N3: =IF(OR(B3="",M3<>""),"",IF(TODAY()>L3,"期限超過",""))
L4: =IF(B4="","",B4+30) | N4: =IF(OR(B4="",M4<>""),"",IF(TODAY()>L4,"期限超過",""))
L5: =IF(B5="","",B5+30) | N5: =IF(OR(B5="",M5<>""),"",IF(TODAY()>L5,"期限超過",""))
L6: =IF(B6="","",B6+30) | N6: =IF(OR(B6="",M6<>""),"",IF(TODAY()>L6,"期限超過",""))
L7: =IF(B7="","",B7+30) | N7: =IF(OR(B7="",M7<>""),"",IF(TODAY()>L7,"期限超過",""))
L8: =IF(B8="","",B8+30) | N8: =IF(OR(B8="",M8<>""),"",IF(TODAY()>L8,"期限超過",""))
L9: =IF(B9="","",B9+30) | N9: =IF(OR(B9="",M9<>""),"",IF(TODAY()>L9,"期限超過",""))
L10: =IF(B10="","",B10+30) | N10: =IF(OR(B10="",M10<>""),"",IF(TODAY()>L10,"期限超過",""))
L11: =IF(B11="","",B11+30) | N11: =IF(OR(B11="",M11<>""),"",IF(TODAY()>L11,"期限超過",""))
L12: =IF(B12="","",B12+30) | N12: =IF(OR(B12="",M12<>""),"",IF(TODAY()>L12,"期限超過",""))
L13: =IF(B13="","",B13+30) | N13: =IF(OR(B13="",M13<>""),"",IF(TODAY()>L13,"期限超過",""))
L14: =IF(B14="","",B14+30) | N14: =IF(OR(B14="",M14<>""),"",IF(TODAY()>L14,"期限超過",""))
... L200: =IF(B200="","",B200+30) | N200: =IF(OR(B200="",M200<>""),"",IF(TODAY()>L200,"期限超過",""))

Sheet 05_休眠顧客・再活性化
A1: 顧客名 | B1: 営業領域 | C1: 最終取引年 | D1: 過去最大年間取引額(千円) | E1: 休眠理由仮説 | F1: 再活性化ポテンシャル | G1: 再アプローチ商材 | H1: 優先順位 | I1: 担当 | J1: 初回接触予定 | K1: 初回接触実施 | L1: 結果・状態 | M1: メモ
A2: （サンプル）アパレルD社 | B2: ライセンス | C2: 2023 | D2: 45000 | E2: 前回コラボ後、担当交代で疎遠に | F2: A | G2: 新作映像連動コラボ／カードゲーム | H2: 1 | I2: 担当者D | J2: 2026-07-20 | M2: サンプル行
