Workbook

Sheet README
A1: 営業工数 週次申告テンプレート（1人1ファイル or 1シート）
A3: ■ 目的（経営宣言より）
A4: 工数把握は人事評価には一切使わない。目的は、①高工数低収益案件の特定、②監修・契約・社内調整など営業以外の負荷の定量化、③営業の時間を提案・商談・顧客開拓に取り戻すための根拠づくり——この3点のみ。
A6: ■ 使い方（週15分以内で完了する設計）
A7: 1.「週次申告」シートに氏名と週開始日を入れ、1日単位でざっくり入力する（0.5時間単位。分単位の正確さは不要）
A8: 2. 活動分類はプルダウンの10分類から選ぶ。案件に紐づかない業務は案件IDを空欄にして分類のみ入力
A9: 3. 毎週金曜または月曜朝に提出（STOへ共有）。「集計・分析」シートは自動計算
A10: 4. STOは月次で全員分を統合し、案件別・顧客別・工程別の全社集計を作成する
A12: ※ 記憶で埋めてよい。7割の精度で十分。続けることに価値がある
A13: ※ 90日間の時限計測。継続可否はDay 90に判断する

Sheet マスタ
A1: 活動分類（10分類）
A2: ①商談・顧客面談
A3: ②提案書・企画書作成
A4: ③監修対応
A5: ④契約・法務対応
A6: ⑤社内調整・会議
A7: ⑥素材確認・手配
A8: ⑦問い合わせ・許諾事務
A9: ⑧移動
A10: ⑨新規開拓・情報収集
A11: ⑩その他管理業務

Sheet 週次申告
A1: 氏名： | B1: （入力） | D1: 週開始日（月曜）： | E1: （入力）
A3: 日付 | B3: 案件ID | C3: 案件名／業務名 | D3: 顧客名 | E3: 活動分類 | F3: 時間(h・0.5単位) | G3: メモ
A4: 2026-07-06 | B4: D-0001 | C4: （サンプル）A社 秋商戦MDライン | D4: 玩具メーカーA社 | E4: ②提案書・企画書作成 | F4: 3.5 | G4: 提案書v2作成
A104: 週合計 | F104: =SUM(F4:F103)

Sheet 集計・分析
A1: 活動分類別 集計（自動計算）
A3: 活動分類 | B3: 時間合計(h) | C3: 構成比
A4: ='マスタ'!A2 | B4: =SUMIF(週次申告!$E$4:$E$103,A4,週次申告!$F$4:$F$103) | C4: =IF($B$14=0,"",B4/$B$14)
A5: ='マスタ'!A3 | B5: =SUMIF(週次申告!$E$4:$E$103,A5,週次申告!$F$4:$F$103) | C5: =IF($B$14=0,"",B5/$B$14)
A6: ='マスタ'!A4 | B6: =SUMIF(週次申告!$E$4:$E$103,A6,週次申告!$F$4:$F$103) | C6: =IF($B$14=0,"",B6/$B$14)
A7: ='マスタ'!A5 | B7: =SUMIF(週次申告!$E$4:$E$103,A7,週次申告!$F$4:$F$103) | C7: =IF($B$14=0,"",B7/$B$14)
A8: ='マスタ'!A6 | B8: =SUMIF(週次申告!$E$4:$E$103,A8,週次申告!$F$4:$F$103) | C8: =IF($B$14=0,"",B8/$B$14)
A9: ='マスタ'!A7 | B9: =SUMIF(週次申告!$E$4:$E$103,A9,週次申告!$F$4:$F$103) | C9: =IF($B$14=0,"",B9/$B$14)
A10: ='マスタ'!A8 | B10: =SUMIF(週次申告!$E$4:$E$103,A10,週次申告!$F$4:$F$103) | C10: =IF($B$14=0,"",B10/$B$14)
A11: ='マスタ'!A9 | B11: =SUMIF(週次申告!$E$4:$E$103,A11,週次申告!$F$4:$F$103) | C11: =IF($B$14=0,"",B11/$B$14)
A12: ='マスタ'!A10 | B12: =SUMIF(週次申告!$E$4:$E$103,A12,週次申告!$F$4:$F$103) | C12: =IF($B$14=0,"",B12/$B$14)
A13: ='マスタ'!A11 | B13: =SUMIF(週次申告!$E$4:$E$103,A13,週次申告!$F$4:$F$103) | C13: =IF($B$14=0,"",B13/$B$14)
A14: 合計 | B14: =SUM(B4:B13)
A16: 顧客対面・開拓時間の比率（①＋⑨） | B16: =IF(B14=0,"",(B4+B12)/B14)
A17: 監修・契約・社内調整の比率（③＋④＋⑤） | B17: =IF(B14=0,"",(B6+B7+B8)/B14)
A19: 案件別 集計（案件IDを入力すると自動計算）
A20: 案件ID | B20: 時間合計(h)
B21: =IF(A21="","",SUMIF(週次申告!$B$4:$B$103,A21,週次申告!$F$4:$F$103))
B22: =IF(A22="","",SUMIF(週次申告!$B$4:$B$103,A22,週次申告!$F$4:$F$103))
B23: =IF(A23="","",SUMIF(週次申告!$B$4:$B$103,A23,週次申告!$F$4:$F$103))
B24: =IF(A24="","",SUMIF(週次申告!$B$4:$B$103,A24,週次申告!$F$4:$F$103))
B25: =IF(A25="","",SUMIF(週次申告!$B$4:$B$103,A25,週次申告!$F$4:$F$103))
B26: =IF(A26="","",SUMIF(週次申告!$B$4:$B$103,A26,週次申告!$F$4:$F$103))
B27: =IF(A27="","",SUMIF(週次申告!$B$4:$B$103,A27,週次申告!$F$4:$F$103))
B28: =IF(A28="","",SUMIF(週次申告!$B$4:$B$103,A28,週次申告!$F$4:$F$103))
B29: =IF(A29="","",SUMIF(週次申告!$B$4:$B$103,A29,週次申告!$F$4:$F$103))
B30: =IF(A30="","",SUMIF(週次申告!$B$4:$B$103,A30,週次申告!$F$4:$F$103))
