Workbook

Sheet 使い方
A1: 営業 工数入力フォーマット（週次・1人1シート）
A3: ■ 大原則：工数のデータは個人の評価には一切使いません。正確さより「続けること」が大事です
A5: ■ 入力のルール（週15分で終わる設計）
A6: 1. 「工数入力」シートの黄色いセル（氏名・部署・週開始日）を埋める
A7: 2. 1行＝1つの作業。日付・顧客名・案件名・活動分類（プルダウン10分類）・時間を入れる
A8: 3. 時間は0.5時間単位。記憶で埋めてよく、7割の精度で十分
A9: 4. 毎週金曜の終業までに提出（提出先：STO 坪井）
A10: 5. 「集計」シートは自動計算。入力は不要
A12: ■ 黄色のセル＝入力欄です。それ以外は触らなくて大丈夫です
A13: お問い合わせ：営業改革推進室（STO）小沢／新谷

Sheet マスタ
A1: 活動分類（10分類）
A2: ①商談・顧客面談
A3: ②提案書・企画書作成
A4: ③監修対応
A5: ④契約・法務対応
A6: ⑤社内調整・会議
A7: ⑥素材確認・手配
A8: ⑦問い合わせ・許諾事務
A9: ⑧移動
A10: ⑨新規開拓・情報収集
A11: ⑩その他管理業務

Sheet 工数入力
A1: 氏名： | C1: 部署： | E1: 週開始日（月曜）：
A2: 週合計（h）： | B2: =SUM(E5:E104) -> 3.5 | C2: ※ 1行＝1作業。時間は0.5h単位。黄色いセルと明細行だけ入力してください
A4: 日付 | B4: 顧客名 | C4: 案件名／業務名 | D4: 活動分類 | E4: 時間（h・0.5単位） | F4: メモ（任意）
A5: 2026-07-27 | B5: 玩具メーカーA社 | C5: （サンプル）秋商戦MDライン提案 | D5: ②提案書・企画書作成 | E5: 3.5 | F5: 提案書v2の作成

Sheet 集計
A1: 活動分類別の集計（自動計算・入力不要）
A3: 活動分類 | B3: 時間合計（h） | C3: 構成比
A4: =マスタ!A2 -> ①商談・顧客面談 | B4: =SUMIF(工数入力!$D$5:$D$104,A4,工数入力!$E$5:$E$104) -> 0 | C4: =IF($B$14=0,"",B4/$B$14) -> 0
A5: =マスタ!A3 -> ②提案書・企画書作成 | B5: =SUMIF(工数入力!$D$5:$D$104,A5,工数入力!$E$5:$E$104) -> 3.5 | C5: =IF($B$14=0,"",B5/$B$14) -> 1
A6: =マスタ!A4 -> ③監修対応 | B6: =SUMIF(工数入力!$D$5:$D$104,A6,工数入力!$E$5:$E$104) -> 0 | C6: =IF($B$14=0,"",B6/$B$14) -> 0
A7: =マスタ!A5 -> ④契約・法務対応 | B7: =SUMIF(工数入力!$D$5:$D$104,A7,工数入力!$E$5:$E$104) -> 0 | C7: =IF($B$14=0,"",B7/$B$14) -> 0
A8: =マスタ!A6 -> ⑤社内調整・会議 | B8: =SUMIF(工数入力!$D$5:$D$104,A8,工数入力!$E$5:$E$104) -> 0 | C8: =IF($B$14=0,"",B8/$B$14) -> 0
A9: =マスタ!A7 -> ⑥素材確認・手配 | B9: =SUMIF(工数入力!$D$5:$D$104,A9,工数入力!$E$5:$E$104) -> 0 | C9: =IF($B$14=0,"",B9/$B$14) -> 0
A10: =マスタ!A8 -> ⑦問い合わせ・許諾事務 | B10: =SUMIF(工数入力!$D$5:$D$104,A10,工数入力!$E$5:$E$104) -> 0 | C10: =IF($B$14=0,"",B10/$B$14) -> 0
A11: =マスタ!A9 -> ⑧移動 | B11: =SUMIF(工数入力!$D$5:$D$104,A11,工数入力!$E$5:$E$104) -> 0 | C11: =IF($B$14=0,"",B11/$B$14) -> 0
A12: =マスタ!A10 -> ⑨新規開拓・情報収集 | B12: =SUMIF(工数入力!$D$5:$D$104,A12,工数入力!$E$5:$E$104) -> 0 | C12: =IF($B$14=0,"",B12/$B$14) -> 0
A13: =マスタ!A11 -> ⑩その他管理業務 | B13: =SUMIF(工数入力!$D$5:$D$104,A13,工数入力!$E$5:$E$104) -> 0 | C13: =IF($B$14=0,"",B13/$B$14) -> 0
A14: 合計 | B14: =SUM(B4:B13) -> 3.5
A16: ※ 監修対応（③）と許諾事務（⑦）の割合は、監修改革の基礎データになります
